{"v":"5.6.8","fr":60,"ip":0,"op":121,"w":486,"h":470,"nm":"effism mobile","ddd":0,"assets":[],"layers":[{"ddd":0,"ind":1,"ty":4,"nm":"Location 1 Outlines 3","sr":1,"ks":{"o":{"a":0,"k":100,"ix":11},"r":{"a":0,"k":0,"ix":10},"p":{"a":1,"k":[{"i":{"x":0.667,"y":1},"o":{"x":0.167,"y":0.167},"t":0,"s":[108.4,278.976,0],"to":[0,1.833,0],"ti":[0,0,0]},{"i":{"x":0.833,"y":0.833},"o":{"x":0.167,"y":0.167},"t":60,"s":[108.4,289.977,0],"to":[0,0,0],"ti":[0,1.833,0]},{"t":120,"s":[108.4,278.977,0]}],"ix":2},"a":{"a":0,"k":[12.966,15.792,0],"ix":1},"s":{"a":0,"k":[138.606,138.606,100],"ix":6}},"ao":0,"shapes":[{"ty":"gr","it":[{"ty":"gr","it":[{"ind":0,"ty":"sh","ix":1,"ks":{"a":0,"k":{"i":[[0,2.341],[-2.341,0],[0,-2.341],[2.341,0]],"o":[[0,-2.341],[2.341,0],[0,2.341],[-2.341,0]],"v":[[-4.239,0.001],[0,-4.239],[4.239,0.001],[0,4.239]],"c":true},"ix":2},"nm":"Path 3","mn":"ADBE Vector Shape - Group","hd":false},{"ind":1,"ty":"sh","ix":2,"ks":{"a":0,"k":{"i":[[2.385,-2.384],[0,-3.372],[0,0],[0,9.89],[2.384,2.385],[3.373,0]],"o":[[-2.384,2.385],[0,9.89],[0,0],[0,-3.372],[-2.385,-2.384],[-3.372,0]],"v":[[-8.992,-8.992],[-12.716,0.001],[0,18.368],[12.716,0.001],[8.992,-8.992],[0,-12.715]],"c":true},"ix":2},"nm":"Path 2","mn":"ADBE Vector Shape - Group","hd":false},{"ty":"tr","p":{"a":0,"k":[0,0],"ix":2},"a":{"a":0,"k":[0,0],"ix":1},"s":{"a":0,"k":[100,100],"ix":3},"r":{"a":0,"k":0,"ix":6},"o":{"a":0,"k":100,"ix":7},"sk":{"a":0,"k":0,"ix":4},"sa":{"a":0,"k":0,"ix":5},"nm":"Transform"}],"nm":"Group 1","np":2,"cix":2,"bm":0,"ix":1,"mn":"ADBE Vector Group","hd":false},{"ty":"mm","mm":5,"nm":"Merge Paths 1","mn":"ADBE Vector Filter - Merge","hd":false},{"ty":"fl","c":{"a":0,"k":[0.972549080849,0.341176480055,0.341176480055,1],"ix":4},"o":{"a":0,"k":100,"ix":5},"r":1,"bm":0,"nm":"Fill 1","mn":"ADBE Vector Graphic - Fill","hd":false},{"ty":"tr","p":{"a":0,"k":[12.966,12.965],"ix":2},"a":{"a":0,"k":[0,0],"ix":1},"s":{"a":0,"k":[100,100],"ix":3},"r":{"a":0,"k":0,"ix":6},"o":{"a":0,"k":100,"ix":7},"sk":{"a":0,"k":0,"ix":4},"sa":{"a":0,"k":0,"ix":5},"nm":"Transform"}],"nm":"Group 1","np":3,"cix":2,"bm":0,"ix":1,"mn":"ADBE Vector Group","hd":false}],"ip":0,"op":121,"st":0,"bm":0},{"ddd":0,"ind":2,"ty":4,"nm":"Location 1 Outlines 2","sr":1,"ks":{"o":{"a":0,"k":100,"ix":11},"r":{"a":0,"k":0,"ix":10},"p":{"a":1,"k":[{"i":{"x":0.833,"y":0.833},"o":{"x":0.333,"y":0},"t":0,"s":[238.4,215.477,0],"to":[0,-1.833,0],"ti":[0,0,0]},{"i":{"x":0.667,"y":1},"o":{"x":0.333,"y":0},"t":60,"s":[238.4,204.477,0],"to":[0,0,0],"ti":[0,-1.833,0]},{"t":120,"s":[238.4,215.477,0]}],"ix":2},"a":{"a":0,"k":[12.966,15.792,0],"ix":1},"s":{"a":0,"k":[154.692,154.692,100],"ix":6}},"ao":0,"shapes":[{"ty":"gr","it":[{"ty":"gr","it":[{"ind":0,"ty":"sh","ix":1,"ks":{"a":0,"k":{"i":[[0,2.341],[-2.341,0],[0,-2.341],[2.341,0]],"o":[[0,-2.341],[2.341,0],[0,2.341],[-2.341,0]],"v":[[-4.239,0.001],[0,-4.239],[4.239,0.001],[0,4.239]],"c":true},"ix":2},"nm":"Path 3","mn":"ADBE Vector Shape - Group","hd":false},{"ind":1,"ty":"sh","ix":2,"ks":{"a":0,"k":{"i":[[2.385,-2.384],[0,-3.372],[0,0],[0,9.89],[2.384,2.385],[3.373,0]],"o":[[-2.384,2.385],[0,9.89],[0,0],[0,-3.372],[-2.385,-2.384],[-3.372,0]],"v":[[-8.992,-8.992],[-12.716,0.001],[0,18.368],[12.716,0.001],[8.992,-8.992],[0,-12.715]],"c":true},"ix":2},"nm":"Path 2","mn":"ADBE Vector Shape - Group","hd":false},{"ty":"tr","p":{"a":0,"k":[0,0],"ix":2},"a":{"a":0,"k":[0,0],"ix":1},"s":{"a":0,"k":[100,100],"ix":3},"r":{"a":0,"k":0,"ix":6},"o":{"a":0,"k":100,"ix":7},"sk":{"a":0,"k":0,"ix":4},"sa":{"a":0,"k":0,"ix":5},"nm":"Transform"}],"nm":"Group 1","np":2,"cix":2,"bm":0,"ix":1,"mn":"ADBE Vector Group","hd":false},{"ty":"mm","mm":5,"nm":"Merge Paths 1","mn":"ADBE Vector Filter - Merge","hd":false},{"ty":"fl","c":{"a":0,"k":[0.972549080849,0.341176480055,0.341176480055,1],"ix":4},"o":{"a":0,"k":100,"ix":5},"r":1,"bm":0,"nm":"Fill 1","mn":"ADBE Vector Graphic - Fill","hd":false},{"ty":"tr","p":{"a":0,"k":[12.966,12.965],"ix":2},"a":{"a":0,"k":[0,0],"ix":1},"s":{"a":0,"k":[100,100],"ix":3},"r":{"a":0,"k":0,"ix":6},"o":{"a":0,"k":100,"ix":7},"sk":{"a":0,"k":0,"ix":4},"sa":{"a":0,"k":0,"ix":5},"nm":"Transform"}],"nm":"Group 1","np":3,"cix":2,"bm":0,"ix":1,"mn":"ADBE Vector Group","hd":false}],"ip":0,"op":121,"st":0,"bm":0},{"ddd":0,"ind":3,"ty":4,"nm":"Location 1 Outlines","sr":1,"ks":{"o":{"a":0,"k":100,"ix":11},"r":{"a":0,"k":0,"ix":10},"p":{"a":1,"k":[{"i":{"x":0.667,"y":1},"o":{"x":0.167,"y":0.167},"t":0,"s":[191.4,109.477,0],"to":[0,1.667,0],"ti":[0,0,0]},{"i":{"x":0.833,"y":0.833},"o":{"x":0.167,"y":0.167},"t":60,"s":[191.4,119.477,0],"to":[0,0,0],"ti":[0,1.667,0]},{"t":120,"s":[191.4,109.477,0]}],"ix":2},"a":{"a":0,"k":[12.966,15.792,0],"ix":1},"s":{"a":0,"k":[100,100,100],"ix":6}},"ao":0,"shapes":[{"ty":"gr","it":[{"ty":"gr","it":[{"ind":0,"ty":"sh","ix":1,"ks":{"a":0,"k":{"i":[[0,2.341],[-2.341,0],[0,-2.341],[2.341,0]],"o":[[0,-2.341],[2.341,0],[0,2.341],[-2.341,0]],"v":[[-4.239,0.001],[0,-4.239],[4.239,0.001],[0,4.239]],"c":true},"ix":2},"nm":"Path 3","mn":"ADBE Vector Shape - Group","hd":false},{"ind":1,"ty":"sh","ix":2,"ks":{"a":0,"k":{"i":[[2.385,-2.384],[0,-3.372],[0,0],[0,9.89],[2.384,2.385],[3.373,0]],"o":[[-2.384,2.385],[0,9.89],[0,0],[0,-3.372],[-2.385,-2.384],[-3.372,0]],"v":[[-8.992,-8.992],[-12.716,0.001],[0,18.368],[12.716,0.001],[8.992,-8.992],[0,-12.715]],"c":true},"ix":2},"nm":"Path 2","mn":"ADBE Vector Shape - Group","hd":false},{"ty":"tr","p":{"a":0,"k":[0,0],"ix":2},"a":{"a":0,"k":[0,0],"ix":1},"s":{"a":0,"k":[100,100],"ix":3},"r":{"a":0,"k":0,"ix":6},"o":{"a":0,"k":100,"ix":7},"sk":{"a":0,"k":0,"ix":4},"sa":{"a":0,"k":0,"ix":5},"nm":"Transform"}],"nm":"Group 1","np":2,"cix":2,"bm":0,"ix":1,"mn":"ADBE Vector Group","hd":false},{"ty":"mm","mm":5,"nm":"Merge Paths 1","mn":"ADBE Vector Filter - Merge","hd":false},{"ty":"fl","c":{"a":0,"k":[0.972549080849,0.341176480055,0.341176480055,1],"ix":4},"o":{"a":0,"k":100,"ix":5},"r":1,"bm":0,"nm":"Fill 1","mn":"ADBE Vector Graphic - Fill","hd":false},{"ty":"tr","p":{"a":0,"k":[12.966,12.965],"ix":2},"a":{"a":0,"k":[0,0],"ix":1},"s":{"a":0,"k":[100,100],"ix":3},"r":{"a":0,"k":0,"ix":6},"o":{"a":0,"k":100,"ix":7},"sk":{"a":0,"k":0,"ix":4},"sa":{"a":0,"k":0,"ix":5},"nm":"Transform"}],"nm":"Group 1","np":3,"cix":2,"bm":0,"ix":1,"mn":"ADBE Vector Group","hd":false}],"ip":0,"op":121,"st":0,"bm":0},{"ddd":0,"ind":4,"ty":4,"nm":"Layer 2 Outlines","sr":1,"ks":{"o":{"a":0,"k":100,"ix":11},"r":{"a":0,"k":0,"ix":10},"p":{"a":0,"k":[169.005,179.106,0],"ix":2},"a":{"a":0,"k":[145.75,110.25,0],"ix":1},"s":{"a":0,"k":[100,100,100],"ix":6}},"ao":0,"shapes":[{"ty":"gr","it":[{"ind":0,"ty":"sh","ix":1,"ks":{"a":0,"k":{"i":[[-0.14,0.004],[0,0],[-0.135,-0.135],[0,-0.198],[0.082,-0.122],[0.136,-0.056],[0.145,0.028],[0.104,0.105],[0.028,0.145],[-0.056,0.137],[-0.123,0.082]],"o":[[0,0],[0.19,0.005],[0.14,0.14],[0,0.147],[-0.082,0.123],[-0.136,0.057],[-0.145,-0.029],[-0.105,-0.104],[-0.029,-0.144],[0.057,-0.136],[0.117,-0.079]],"v":[[-1.226,5.749],[-1.186,5.749],[-0.678,5.967],[-0.46,6.495],[-0.585,6.909],[-0.92,7.184],[-1.351,7.227],[-1.733,7.022],[-1.938,6.64],[-1.895,6.209],[-1.62,5.875]],"c":true},"ix":2},"nm":"Path 1","mn":"ADBE Vector Shape - Group","hd":false},{"ind":1,"ty":"sh","ix":2,"ks":{"a":0,"k":{"i":[[-0.142,0.004],[0,0],[-0.006,0],[-0.086,-0.035],[-0.07,-0.07],[-0.038,-0.091],[0,-0.098],[0.082,-0.123],[0.136,-0.057],[0.145,0.028],[0.104,0.104],[0.029,0.145],[-0.056,0.136],[-0.122,0.082]],"o":[[0,0],[0.005,0],[0.093,0.001],[0.091,0.037],[0.069,0.069],[0.037,0.091],[0,0.147],[-0.081,0.122],[-0.136,0.056],[-0.145,-0.028],[-0.105,-0.104],[-0.03,-0.144],[0.056,-0.137],[0.117,-0.08]],"v":[[5.562,5.749],[5.577,5.749],[5.594,5.749],[5.865,5.804],[6.109,5.966],[6.271,6.208],[6.329,6.495],[6.202,6.909],[5.868,7.184],[5.439,7.227],[5.057,7.024],[4.852,6.643],[4.892,6.213],[5.165,5.877]],"c":true},"ix":2},"nm":"Path 2","mn":"ADBE Vector Shape - Group","hd":false},{"ind":2,"ty":"sh","ix":3,"ks":{"a":0,"k":{"i":[[0,0],[-0.023,-0.047],[0,0],[-0.176,-0.255],[0.178,-0.178],[0,-0.507],[-0.358,-0.358],[-0.358,-0.077],[0.028,-0.144],[-0.148,-0.359],[-0.323,-0.216],[-0.388,0],[-0.369,0.368],[0,0.52],[0.099,0.238],[0,0],[0.026,-0.129],[-0.149,-0.359],[-0.323,-0.216],[-0.389,0],[-0.368,0.368],[0,0.52],[0.216,0.323],[0.359,0.148],[0.194,0.018],[0.062,0],[0,0],[0.128,0.128],[0,0.181],[-0.128,0.128],[-0.181,0],[0,0],[-0.01,0],[0,0],[-0.448,0.349],[-0.132,0.552],[0,0],[0.081,0.373],[0.237,0.299],[0.344,0.165],[0.381,-0.002],[0,0],[0.344,-0.165],[0.191,-0.184],[0,0],[0.497,0.393],[0.634,-0.002],[0,0],[0.116,-0.115],[0,-0.163],[-0.115,-0.115],[-0.162,0],[0,0],[-0.28,-0.221],[-0.082,-0.347]],"o":[[0.011,0.052],[0,0],[0.072,0.307],[-0.227,0.095],[-0.358,0.358],[0,0.506],[0.263,0.262],[-0.059,0.132],[-0.076,0.381],[0.149,0.359],[0.322,0.216],[0.521,0],[0.368,-0.368],[0,-0.261],[0,0],[-0.05,0.12],[-0.076,0.381],[0.148,0.359],[0.323,0.216],[0.521,0],[0.368,-0.368],[0,-0.389],[-0.215,-0.323],[-0.182,-0.076],[-0.059,-0.018],[0,0],[-0.181,0],[-0.128,-0.128],[0,-0.181],[0.128,-0.128],[0,0],[0.009,0],[0,0],[0.569,0.008],[0.449,-0.349],[0,0],[0.09,-0.37],[-0.082,-0.373],[-0.236,-0.299],[-0.344,-0.165],[0,0],[-0.381,-0.002],[-0.24,0.115],[0,0],[-0.144,-0.618],[-0.497,-0.393],[0,0],[-0.162,0],[-0.115,0.115],[0,0.162],[0.116,0.116],[0,0],[0.357,-0.001],[0.28,0.221],[0,0]],"v":[[-4.573,-2.208],[-4.522,-2.06],[-3.714,1.228],[-3.337,2.078],[-3.951,2.49],[-4.509,3.84],[-3.951,5.19],[-2.999,5.707],[-3.132,6.122],[-3.02,7.256],[-2.296,8.137],[-1.206,8.468],[0.183,7.893],[0.758,6.505],[0.607,5.749],[3.766,5.749],[3.652,6.122],[3.764,7.256],[4.487,8.137],[5.577,8.468],[6.965,7.893],[7.541,6.505],[7.21,5.414],[6.329,4.691],[5.761,4.55],[5.577,4.522],[-2.6,4.522],[-3.082,4.322],[-3.283,3.84],[-3.082,3.357],[-2.6,3.157],[-1.299,3.157],[-1.271,3.157],[4.861,3.157],[6.432,2.63],[7.33,1.238],[8.312,-2.763],[8.326,-3.892],[7.842,-4.913],[6.96,-5.618],[5.858,-5.865],[-2.242,-5.865],[-3.343,-5.618],[-3.994,-5.167],[-4.255,-6.301],[-5.245,-7.862],[-6.993,-8.466],[-7.793,-8.466],[-8.227,-8.286],[-8.406,-7.852],[-8.227,-7.419],[-7.793,-7.239],[-6.993,-7.239],[-6.009,-6.9],[-5.451,-6.022]],"c":true},"ix":2},"nm":"Path 3","mn":"ADBE Vector Shape - Group","hd":false},{"ind":3,"ty":"sh","ix":4,"ks":{"a":0,"k":{"i":[[0.067,0.28],[0,0],[0,0],[-0.03,0.14],[-0.12,0.153],[-0.175,0.085],[-0.194,0.001],[0,0],[-0.175,-0.085],[-0.12,-0.152],[-0.041,-0.19],[0.046,-0.189],[0,0],[0.226,-0.178],[0.289,0.001],[0,0],[0.226,0.178]],"o":[[0,0],[0,0],[-0.016,-0.141],[0.042,-0.189],[0.119,-0.152],[0.174,-0.085],[0,0],[0.194,0],[0.175,0.084],[0.121,0.153],[0.042,0.19],[0,0],[-0.066,0.28],[-0.226,0.178],[0,0],[-0.288,0.001],[-0.227,-0.178]],"v":[[-2.536,0.948],[-3.4,-2.573],[-3.544,-3.203],[-3.523,-3.627],[-3.277,-4.147],[-2.83,-4.508],[-2.271,-4.638],[5.842,-4.638],[6.404,-4.509],[6.852,-4.149],[7.097,-3.628],[7.09,-3.052],[6.108,0.948],[5.656,1.656],[4.861,1.93],[-1.289,1.93],[-2.083,1.656]],"c":true},"ix":2},"nm":"Path 4","mn":"ADBE Vector Shape - Group","hd":false},{"ty":"mm","mm":1,"nm":"Merge Paths 1","mn":"ADBE Vector Filter - Merge","hd":false},{"ty":"fl","c":{"a":0,"k":[1,1,1,1],"ix":4},"o":{"a":0,"k":100,"ix":5},"r":1,"bm":0,"nm":"Fill 1","mn":"ADBE Vector Graphic - Fill","hd":false},{"ty":"tr","p":{"a":0,"k":[129.124,16.548],"ix":2},"a":{"a":0,"k":[0,0],"ix":1},"s":{"a":0,"k":[100,100],"ix":3},"r":{"a":0,"k":0,"ix":6},"o":{"a":0,"k":100,"ix":7},"sk":{"a":0,"k":0,"ix":4},"sa":{"a":0,"k":0,"ix":5},"nm":"Transform"}],"nm":"Group 1","np":8,"cix":2,"bm":0,"ix":1,"mn":"ADBE Vector Group","hd":false},{"ty":"gr","it":[{"ind":0,"ty":"sh","ix":1,"ks":{"a":0,"k":{"i":[[-2.632,0],[0,0],[0,-2.632],[0,0],[2.632,0],[0,0],[0,2.632],[0,0]],"o":[[0,0],[2.632,0],[0,0],[0,2.632],[0,0],[-2.632,0],[0,0],[0,-2.632]],"v":[[-11.234,-16],[11.234,-16],[16,-11.234],[16,11.234],[11.234,16],[-11.234,16],[-16,11.234],[-16,-11.234]],"c":true},"ix":2},"nm":"Path 1","mn":"ADBE Vector Shape - Group","hd":false},{"ty":"fl","c":{"a":0,"k":[0.161000001197,0.477999997606,0.725,1],"ix":4},"o":{"a":0,"k":100,"ix":5},"r":1,"bm":0,"nm":"Fill 1","mn":"ADBE Vector Graphic - Fill","hd":false},{"ty":"tr","p":{"a":0,"k":[130.25,16.25],"ix":2},"a":{"a":0,"k":[0,0],"ix":1},"s":{"a":0,"k":[100,100],"ix":3},"r":{"a":0,"k":0,"ix":6},"o":{"a":0,"k":100,"ix":7},"sk":{"a":0,"k":0,"ix":4},"sa":{"a":0,"k":0,"ix":5},"nm":"Transform"}],"nm":"Group 2","np":4,"cix":2,"bm":0,"ix":2,"mn":"ADBE Vector Group","hd":false},{"ty":"gr","it":[{"ind":0,"ty":"sh","ix":1,"ks":{"a":0,"k":{"i":[[-0.206,0.006],[0,0],[-0.199,-0.199],[0,-0.291],[0.12,-0.18],[0.2,-0.083],[0.213,0.043],[0.153,0.153],[0.042,0.213],[-0.083,0.201],[-0.18,0.12]],"o":[[0,0],[0.279,0.008],[0.205,0.205],[0,0.216],[-0.12,0.181],[-0.2,0.083],[-0.212,-0.042],[-0.153,-0.154],[-0.042,-0.212],[0.082,-0.2],[0.172,-0.115]],"v":[[-1.801,8.443],[-1.741,8.443],[-0.996,8.765],[-0.675,9.54],[-0.86,10.148],[-1.352,10.551],[-1.985,10.614],[-2.546,10.314],[-2.846,9.753],[-2.783,9.12],[-2.38,8.629]],"c":true},"ix":2},"nm":"Path 1","mn":"ADBE Vector Shape - Group","hd":false},{"ind":1,"ty":"sh","ix":2,"ks":{"a":0,"k":{"i":[[-0.209,0.006],[0,0],[0,0],[-0.127,-0.051],[-0.103,-0.102],[-0.056,-0.134],[0,-0.145],[0.12,-0.18],[0.2,-0.083],[0.212,0.042],[0.153,0.153],[0.043,0.212],[-0.082,0.201],[-0.179,0.121]],"o":[[0,0],[0,0],[0.137,0.002],[0.133,0.055],[0.102,0.102],[0.055,0.133],[0,0.216],[-0.12,0.18],[-0.2,0.084],[-0.212,-0.042],[-0.154,-0.152],[-0.043,-0.212],[0.082,-0.2],[0.173,-0.117]],"v":[[8.169,8.443],[8.192,8.443],[8.215,8.443],[8.614,8.525],[8.972,8.762],[9.211,9.118],[9.295,9.54],[9.111,10.148],[8.62,10.551],[7.988,10.615],[7.427,10.316],[7.125,9.758],[7.185,9.125],[7.585,8.632]],"c":true},"ix":2},"nm":"Path 2","mn":"ADBE Vector Shape - Group","hd":false},{"ind":2,"ty":"sh","ix":3,"ks":{"a":0,"k":{"i":[[0,0],[-0.033,-0.069],[0,0],[-0.259,-0.376],[0.26,-0.261],[0,-0.744],[-0.526,-0.526],[-0.524,-0.112],[0.042,-0.211],[-0.219,-0.527],[-0.474,-0.317],[-0.57,0],[-0.541,0.541],[0,0.765],[0.146,0.35],[0,0],[0.037,-0.189],[-0.218,-0.527],[-0.474,-0.317],[-0.57,0],[-0.541,0.541],[0,0.765],[0.317,0.474],[0.526,0.218],[0.285,0.027],[0.092,0],[0,0],[0.188,0.188],[0,0.266],[-0.188,0.188],[-0.266,0],[0,0],[-0.013,0.001],[0,0],[-0.659,0.513],[-0.195,0.812],[0,0],[0.119,0.547],[0.347,0.439],[0.505,0.242],[0.56,-0.003],[0,0],[0.505,-0.243],[0.28,-0.269],[0,0],[0.731,0.577],[0.932,-0.003],[0,0],[0.169,-0.169],[0,-0.239],[-0.169,-0.169],[-0.239,0],[0,0],[-0.411,-0.324],[-0.119,-0.51]],"o":[[0.016,0.075],[0,0],[0.106,0.45],[-0.333,0.139],[-0.526,0.526],[0,0.744],[0.385,0.385],[-0.086,0.194],[-0.112,0.559],[0.218,0.527],[0.474,0.317],[0.765,0],[0.541,-0.541],[0,-0.383],[0,0],[-0.073,0.176],[-0.112,0.559],[0.218,0.527],[0.474,0.317],[0.765,0],[0.541,-0.541],[0,-0.57],[-0.317,-0.474],[-0.268,-0.111],[-0.086,-0.027],[0,0],[-0.266,0],[-0.188,-0.187],[0,-0.266],[0.188,-0.188],[0,0],[0.013,0],[0,0],[0.834,0.011],[0.659,-0.512],[0,0],[0.133,-0.545],[-0.12,-0.547],[-0.348,-0.44],[-0.505,-0.243],[0,0],[-0.56,-0.003],[-0.352,0.169],[0,0],[-0.212,-0.907],[-0.731,-0.578],[0,0],[-0.239,0],[-0.169,0.169],[0,0.239],[0.169,0.169],[0,0],[0.524,-0.002],[0.411,0.325],[0,0]],"v":[[-6.717,-3.242],[-6.643,-3.025],[-5.455,1.803],[-4.901,3.053],[-5.801,3.657],[-6.623,5.64],[-5.801,7.622],[-4.406,8.382],[-4.599,8.992],[-4.435,10.658],[-3.373,11.952],[-1.771,12.438],[0.268,11.592],[1.113,9.553],[0.89,8.443],[5.53,8.443],[5.364,8.992],[5.528,10.658],[6.59,11.952],[8.192,12.438],[10.231,11.592],[11.076,9.553],[10.59,7.952],[9.296,6.89],[8.461,6.683],[8.192,6.642],[-3.818,6.642],[-4.527,6.348],[-4.821,5.64],[-4.527,4.931],[-3.818,4.637],[-1.908,4.637],[-1.868,4.637],[7.14,4.637],[9.447,3.863],[10.766,1.818],[12.208,-4.057],[12.228,-5.716],[11.518,-7.215],[10.222,-8.251],[8.603,-8.614],[-3.292,-8.614],[-4.911,-8.251],[-5.866,-7.589],[-6.248,-9.255],[-7.704,-11.548],[-10.271,-12.434],[-11.446,-12.434],[-12.083,-12.17],[-12.347,-11.533],[-12.083,-10.896],[-11.446,-10.632],[-10.271,-10.632],[-8.826,-10.134],[-8.007,-8.844]],"c":true},"ix":2},"nm":"Path 3","mn":"ADBE Vector Shape - Group","hd":false},{"ind":3,"ty":"sh","ix":4,"ks":{"a":0,"k":{"i":[[0.097,0.412],[0,0],[0,0],[-0.045,0.205],[-0.176,0.224],[-0.256,0.125],[-0.285,0.001],[0,0],[-0.257,-0.124],[-0.176,-0.224],[-0.06,-0.279],[0.068,-0.277],[0,0],[0.332,-0.262],[0.423,0.001],[0,0],[0.332,0.262]],"o":[[0,0],[0,0],[-0.024,-0.208],[0.061,-0.278],[0.176,-0.224],[0.256,-0.125],[0,0],[0.285,-0.001],[0.257,0.125],[0.177,0.225],[0.06,0.279],[0,0],[-0.098,0.412],[-0.333,0.262],[0,0],[-0.423,0.001],[-0.333,-0.262]],"v":[[-3.724,1.393],[-4.994,-3.779],[-5.206,-4.704],[-5.174,-5.327],[-4.814,-6.09],[-4.157,-6.62],[-3.335,-6.811],[8.582,-6.811],[9.406,-6.623],[10.064,-6.093],[10.424,-5.328],[10.413,-4.483],[8.971,1.393],[8.307,2.433],[7.14,2.835],[-1.893,2.835],[-3.06,2.433]],"c":true},"ix":2},"nm":"Path 4","mn":"ADBE Vector Shape - Group","hd":false},{"ty":"mm","mm":1,"nm":"Merge Paths 1","mn":"ADBE Vector Filter - Merge","hd":false},{"ty":"fl","c":{"a":0,"k":[1,1,1,1],"ix":4},"o":{"a":0,"k":100,"ix":5},"r":1,"bm":0,"nm":"Fill 1","mn":"ADBE Vector Graphic - Fill","hd":false},{"ty":"tr","p":{"a":0,"k":[266.097,146.185],"ix":2},"a":{"a":0,"k":[0,0],"ix":1},"s":{"a":0,"k":[100,100],"ix":3},"r":{"a":0,"k":0,"ix":6},"o":{"a":0,"k":100,"ix":7},"sk":{"a":0,"k":0,"ix":4},"sa":{"a":0,"k":0,"ix":5},"nm":"Transform"}],"nm":"Group 3","np":8,"cix":2,"bm":0,"ix":3,"mn":"ADBE Vector Group","hd":false},{"ty":"gr","it":[{"ind":0,"ty":"sh","ix":1,"ks":{"a":0,"k":{"i":[[-3.866,0],[0,0],[0,-3.866],[0,0],[3.866,0],[0,0],[0,3.866],[0,0]],"o":[[0,0],[3.866,0],[0,0],[0,3.866],[0,0],[-3.866,0],[0,0],[0,-3.866]],"v":[[-16.5,-23.5],[16.5,-23.5],[23.5,-16.5],[23.5,16.5],[16.5,23.5],[-16.5,23.5],[-23.5,16.5],[-23.5,-16.5]],"c":true},"ix":2},"nm":"Path 1","mn":"ADBE Vector Shape - Group","hd":false},{"ty":"fl","c":{"a":0,"k":[0.161000001197,0.477999997606,0.725,1],"ix":4},"o":{"a":0,"k":100,"ix":5},"r":1,"bm":0,"nm":"Fill 1","mn":"ADBE Vector Graphic - Fill","hd":false},{"ty":"tr","p":{"a":0,"k":[267.75,145.75],"ix":2},"a":{"a":0,"k":[0,0],"ix":1},"s":{"a":0,"k":[100,100],"ix":3},"r":{"a":0,"k":0,"ix":6},"o":{"a":0,"k":100,"ix":7},"sk":{"a":0,"k":0,"ix":4},"sa":{"a":0,"k":0,"ix":5},"nm":"Transform"}],"nm":"Group 4","np":4,"cix":2,"bm":0,"ix":4,"mn":"ADBE Vector Group","hd":false},{"ty":"gr","it":[{"ind":0,"ty":"sh","ix":1,"ks":{"a":0,"k":{"i":[[-0.206,0.006],[0,0],[-0.199,-0.199],[0,-0.291],[0.12,-0.18],[0.2,-0.083],[0.212,0.043],[0.153,0.153],[0.042,0.213],[-0.083,0.201],[-0.18,0.12]],"o":[[0,0],[0.28,0.008],[0.205,0.205],[0,0.216],[-0.121,0.181],[-0.2,0.083],[-0.213,-0.042],[-0.153,-0.154],[-0.042,-0.212],[0.083,-0.2],[0.172,-0.115]],"v":[[-1.801,8.443],[-1.742,8.443],[-0.996,8.765],[-0.676,9.54],[-0.86,10.148],[-1.352,10.551],[-1.985,10.614],[-2.546,10.314],[-2.846,9.753],[-2.784,9.12],[-2.38,8.629]],"c":true},"ix":2},"nm":"Path 1","mn":"ADBE Vector Shape - Group","hd":false},{"ind":1,"ty":"sh","ix":2,"ks":{"a":0,"k":{"i":[[-0.208,0.006],[0,0],[0,0],[-0.126,-0.051],[-0.102,-0.102],[-0.056,-0.134],[0,-0.145],[0.12,-0.18],[0.2,-0.083],[0.212,0.042],[0.153,0.153],[0.043,0.212],[-0.082,0.201],[-0.179,0.121]],"o":[[0,0],[0,0],[0.137,0.002],[0.134,0.055],[0.103,0.102],[0.055,0.133],[0,0.216],[-0.12,0.18],[-0.2,0.084],[-0.213,-0.042],[-0.154,-0.152],[-0.043,-0.212],[0.081,-0.2],[0.173,-0.117]],"v":[[8.168,8.443],[8.192,8.443],[8.215,8.443],[8.613,8.525],[8.971,8.762],[9.211,9.118],[9.295,9.54],[9.111,10.148],[8.62,10.551],[7.988,10.615],[7.427,10.316],[7.125,9.758],[7.185,9.125],[7.585,8.632]],"c":true},"ix":2},"nm":"Path 2","mn":"ADBE Vector Shape - Group","hd":false},{"ind":2,"ty":"sh","ix":3,"ks":{"a":0,"k":{"i":[[0,0],[-0.034,-0.069],[0,0],[-0.26,-0.376],[0.261,-0.261],[0,-0.744],[-0.526,-0.526],[-0.525,-0.112],[0.042,-0.211],[-0.218,-0.527],[-0.475,-0.317],[-0.571,0],[-0.541,0.541],[0,0.765],[0.146,0.35],[0,0],[0.037,-0.189],[-0.219,-0.527],[-0.475,-0.317],[-0.571,0],[-0.541,0.541],[0,0.765],[0.317,0.474],[0.527,0.218],[0.286,0.027],[0.092,0],[0,0],[0.188,0.188],[0,0.266],[-0.188,0.188],[-0.266,0],[0,0],[-0.013,0.001],[0,0],[-0.659,0.513],[-0.195,0.812],[0,0],[0.119,0.547],[0.347,0.439],[0.505,0.242],[0.56,-0.003],[0,0],[0.505,-0.243],[0.281,-0.269],[0,0],[0.73,0.577],[0.931,-0.003],[0,0],[0.169,-0.169],[0,-0.239],[-0.169,-0.169],[-0.239,0],[0,0],[-0.411,-0.324],[-0.12,-0.51]],"o":[[0.016,0.075],[0,0],[0.105,0.45],[-0.334,0.139],[-0.526,0.526],[0,0.744],[0.385,0.385],[-0.087,0.194],[-0.111,0.559],[0.219,0.527],[0.474,0.317],[0.764,0],[0.54,-0.541],[0,-0.383],[0,0],[-0.073,0.176],[-0.112,0.559],[0.218,0.527],[0.474,0.317],[0.764,0],[0.541,-0.541],[0,-0.57],[-0.316,-0.474],[-0.268,-0.111],[-0.086,-0.027],[0,0],[-0.266,0],[-0.188,-0.187],[0,-0.266],[0.188,-0.188],[0,0],[0.013,0],[0,0],[0.834,0.011],[0.659,-0.512],[0,0],[0.132,-0.545],[-0.12,-0.547],[-0.348,-0.44],[-0.505,-0.243],[0,0],[-0.56,-0.003],[-0.353,0.169],[0,0],[-0.212,-0.907],[-0.731,-0.578],[0,0],[-0.239,0],[-0.169,0.169],[0,0.239],[0.169,0.169],[0,0],[0.524,-0.002],[0.412,0.325],[0,0]],"v":[[-6.717,-3.242],[-6.643,-3.025],[-5.455,1.803],[-4.901,3.053],[-5.802,3.657],[-6.623,5.64],[-5.802,7.622],[-4.406,8.382],[-4.6,8.992],[-4.436,10.658],[-3.373,11.952],[-1.771,12.438],[0.268,11.592],[1.112,9.553],[0.89,8.443],[5.53,8.443],[5.364,8.992],[5.528,10.658],[6.59,11.952],[8.192,12.438],[10.231,11.592],[11.075,9.553],[10.589,7.952],[9.295,6.89],[8.46,6.683],[8.192,6.642],[-3.819,6.642],[-4.527,6.348],[-4.821,5.64],[-4.527,4.931],[-3.819,4.637],[-1.908,4.637],[-1.868,4.637],[7.14,4.637],[9.447,3.863],[10.766,1.818],[12.208,-4.057],[12.228,-5.716],[11.518,-7.215],[10.222,-8.251],[8.603,-8.615],[-3.292,-8.615],[-4.911,-8.251],[-5.867,-7.589],[-6.248,-9.255],[-7.704,-11.548],[-10.271,-12.434],[-11.446,-12.434],[-12.083,-12.171],[-12.347,-11.533],[-12.083,-10.896],[-11.446,-10.632],[-10.271,-10.632],[-8.827,-10.134],[-8.007,-8.844]],"c":true},"ix":2},"nm":"Path 3","mn":"ADBE Vector Shape - Group","hd":false},{"ind":3,"ty":"sh","ix":4,"ks":{"a":0,"k":{"i":[[0.098,0.412],[0,0],[0,0],[-0.045,0.205],[-0.177,0.224],[-0.256,0.125],[-0.284,0.001],[0,0],[-0.256,-0.124],[-0.177,-0.224],[-0.061,-0.279],[0.067,-0.277],[0,0],[0.333,-0.262],[0.423,0.001],[0,0],[0.333,0.262]],"o":[[0,0],[0,0],[-0.024,-0.208],[0.061,-0.278],[0.176,-0.224],[0.257,-0.125],[0,0],[0.286,-0.001],[0.257,0.125],[0.176,0.225],[0.06,0.279],[0,0],[-0.098,0.412],[-0.332,0.262],[0,0],[-0.423,0.001],[-0.332,-0.262]],"v":[[-3.725,1.393],[-4.994,-3.779],[-5.206,-4.704],[-5.175,-5.327],[-4.814,-6.09],[-4.158,-6.62],[-3.336,-6.811],[8.581,-6.811],[9.405,-6.623],[10.064,-6.093],[10.424,-5.328],[10.413,-4.483],[8.971,1.393],[8.306,2.433],[7.14,2.835],[-1.894,2.835],[-3.061,2.433]],"c":true},"ix":2},"nm":"Path 4","mn":"ADBE Vector Shape - Group","hd":false},{"ty":"mm","mm":1,"nm":"Merge Paths 1","mn":"ADBE Vector Filter - Merge","hd":false},{"ty":"fl","c":{"a":0,"k":[1,1,1,1],"ix":4},"o":{"a":0,"k":100,"ix":5},"r":1,"bm":0,"nm":"Fill 1","mn":"ADBE Vector Graphic - Fill","hd":false},{"ty":"tr","p":{"a":0,"k":[22.097,197.185],"ix":2},"a":{"a":0,"k":[0,0],"ix":1},"s":{"a":0,"k":[100,100],"ix":3},"r":{"a":0,"k":0,"ix":6},"o":{"a":0,"k":100,"ix":7},"sk":{"a":0,"k":0,"ix":4},"sa":{"a":0,"k":0,"ix":5},"nm":"Transform"}],"nm":"Group 5","np":8,"cix":2,"bm":0,"ix":5,"mn":"ADBE Vector Group","hd":false},{"ty":"gr","it":[{"ind":0,"ty":"sh","ix":1,"ks":{"a":0,"k":{"i":[[-3.866,0],[0,0],[0,-3.866],[0,0],[3.866,0],[0,0],[0,3.866],[0,0]],"o":[[0,0],[3.866,0],[0,0],[0,3.866],[0,0],[-3.866,0],[0,0],[0,-3.866]],"v":[[-16.5,-23.5],[16.5,-23.5],[23.5,-16.5],[23.5,16.5],[16.5,23.5],[-16.5,23.5],[-23.5,16.5],[-23.5,-16.5]],"c":true},"ix":2},"nm":"Path 1","mn":"ADBE Vector Shape - Group","hd":false},{"ty":"fl","c":{"a":0,"k":[0.161000001197,0.477999997606,0.725,1],"ix":4},"o":{"a":0,"k":100,"ix":5},"r":1,"bm":0,"nm":"Fill 1","mn":"ADBE Vector Graphic - Fill","hd":false},{"ty":"tr","p":{"a":0,"k":[23.75,196.75],"ix":2},"a":{"a":0,"k":[0,0],"ix":1},"s":{"a":0,"k":[100,100],"ix":3},"r":{"a":0,"k":0,"ix":6},"o":{"a":0,"k":100,"ix":7},"sk":{"a":0,"k":0,"ix":4},"sa":{"a":0,"k":0,"ix":5},"nm":"Transform"}],"nm":"Group 6","np":4,"cix":2,"bm":0,"ix":6,"mn":"ADBE Vector Group","hd":false}],"ip":0,"op":121,"st":0,"bm":0},{"ddd":0,"ind":5,"ty":4,"nm":"phone","sr":1,"ks":{"o":{"a":0,"k":100,"ix":11},"r":{"a":0,"k":0,"ix":10},"p":{"a":0,"k":[217.72,238.816,0],"ix":2},"a":{"a":0,"k":[211.953,191.389,0],"ix":1},"s":{"a":0,"k":[100,100,100],"ix":6}},"ao":0,"shapes":[{"ty":"gr","it":[{"ind":0,"ty":"sh","ix":1,"ks":{"a":0,"k":{"i":[[-3.038,0],[0,-1.35],[3.038,0],[0,1.35]],"o":[[3.038,0],[0,1.35],[-3.038,0],[0,-1.35]],"v":[[0,-2.444],[5.5,0],[0,2.445],[-5.5,0]],"c":true},"ix":2},"nm":"Path 1","mn":"ADBE Vector Shape - Group","hd":false},{"ty":"fl","c":{"a":0,"k":[0,0,0,1],"ix":4},"o":{"a":0,"k":10,"ix":5},"r":1,"bm":0,"nm":"Fill 1","mn":"ADBE Vector Graphic - Fill","hd":false},{"ty":"tr","p":{"a":0,"k":[185.508,89.729],"ix":2},"a":{"a":0,"k":[0,0],"ix":1},"s":{"a":0,"k":[100,100],"ix":3},"r":{"a":0,"k":0,"ix":6},"o":{"a":0,"k":100,"ix":7},"sk":{"a":0,"k":0,"ix":4},"sa":{"a":0,"k":0,"ix":5},"nm":"Transform"}],"nm":"Group 3","np":4,"cix":2,"bm":0,"ix":1,"mn":"ADBE Vector Group","hd":false},{"ty":"gr","it":[{"ind":0,"ty":"sh","ix":1,"ks":{"a":0,"k":{"i":[[-0.913,-0.191],[0,0],[0.389,-0.843],[0.914,0.19],[0,0],[-0.388,0.844]],"o":[[0,0],[0.913,0.19],[-0.388,0.843],[0,0],[-0.913,-0.191],[0.389,-0.843]],"v":[[-18.408,-5.514],[19.816,2.461],[20.765,4.332],[18.408,5.514],[-19.816,-2.461],[-20.766,-4.332]],"c":true},"ix":2},"nm":"Path 1","mn":"ADBE Vector Shape - Group","hd":false},{"ty":"fl","c":{"a":0,"k":[0.161000001197,0.172999991623,0.184000007779,1],"ix":4},"o":{"a":0,"k":100,"ix":5},"r":1,"bm":0,"nm":"Fill 1","mn":"ADBE Vector Graphic - Fill","hd":false},{"ty":"tr","p":{"a":0,"k":[261.681,24.486],"ix":2},"a":{"a":0,"k":[0,0],"ix":1},"s":{"a":0,"k":[100,100],"ix":3},"r":{"a":0,"k":0,"ix":6},"o":{"a":0,"k":100,"ix":7},"sk":{"a":0,"k":0,"ix":4},"sa":{"a":0,"k":0,"ix":5},"nm":"Transform"}],"nm":"Group 4","np":4,"cix":2,"bm":0,"ix":2,"mn":"ADBE Vector Group","hd":false},{"ty":"gr","it":[{"ind":0,"ty":"sh","ix":1,"ks":{"a":0,"k":{"i":[[0,0],[0,0],[0,0],[0.245,-0.625],[0,0],[-4.066,-0.829],[0,0],[-3.516,4.039],[0,0],[-0.936,0]],"o":[[0,0],[0,0],[0.602,0.298],[0,0],[-1.511,3.865],[0,0],[5.246,1.07],[0,0],[0.615,-0.706],[0,0]],"v":[[48.546,5.895],[-48.546,-13.85],[-46.994,-13.081],[-46.363,-11.45],[-46.96,-9.921],[-42.068,-0.933],[28.942,13.55],[43.12,8.747],[44.636,7.006],[47.077,5.895]],"c":true},"ix":2},"nm":"Path 1","mn":"ADBE Vector Shape - Group","hd":false},{"ty":"fl","c":{"a":0,"k":[0.161000001197,0.477999997606,0.725,1],"ix":4},"o":{"a":0,"k":30,"ix":5},"r":1,"bm":0,"nm":"Fill 1","mn":"ADBE Vector Graphic - Fill","hd":false},{"ty":"tr","p":{"a":0,"k":[265.482,25.428],"ix":2},"a":{"a":0,"k":[0,0],"ix":1},"s":{"a":0,"k":[100,100],"ix":3},"r":{"a":0,"k":0,"ix":6},"o":{"a":0,"k":100,"ix":7},"sk":{"a":0,"k":0,"ix":4},"sa":{"a":0,"k":0,"ix":5},"nm":"Transform"}],"nm":"Group 5","np":4,"cix":2,"bm":0,"ix":3,"mn":"ADBE Vector Group","hd":false},{"ty":"gr","it":[{"ind":0,"ty":"sh","ix":1,"ks":{"a":0,"k":{"i":[[0,0],[0,0],[0,0],[0.245,-0.625],[0,0],[-4.066,-0.829],[0,0],[-3.516,4.039],[0,0],[-0.936,0]],"o":[[0,0],[0,0],[0.602,0.298],[0,0],[-1.511,3.865],[0,0],[5.246,1.07],[0,0],[0.615,-0.706],[0,0]],"v":[[48.546,5.51],[-48.546,-14.235],[-46.994,-13.466],[-46.363,-11.835],[-46.96,-10.306],[-42.068,-1.318],[28.942,13.165],[43.12,8.362],[44.636,6.621],[47.077,5.51]],"c":true},"ix":2},"nm":"Path 1","mn":"ADBE Vector Shape - Group","hd":false},{"ty":"fl","c":{"a":0,"k":[0.161000001197,0.172999991623,0.184000007779,1],"ix":4},"o":{"a":0,"k":100,"ix":5},"r":1,"bm":0,"nm":"Fill 1","mn":"ADBE Vector Graphic - Fill","hd":false},{"ty":"tr","p":{"a":0,"k":[265.482,25.813],"ix":2},"a":{"a":0,"k":[0,0],"ix":1},"s":{"a":0,"k":[100,100],"ix":3},"r":{"a":0,"k":0,"ix":6},"o":{"a":0,"k":100,"ix":7},"sk":{"a":0,"k":0,"ix":4},"sa":{"a":0,"k":0,"ix":5},"nm":"Transform"}],"nm":"Group 6","np":4,"cix":2,"bm":0,"ix":4,"mn":"ADBE Vector Group","hd":false},{"ty":"gr","it":[{"ind":0,"ty":"sh","ix":1,"ks":{"a":0,"k":{"i":[[0,0],[0,0]],"o":[[0,0],[0,0]],"v":[[86.789,-149.255],[-6.407,-167.531]],"c":false},"ix":2},"nm":"Path 1","mn":"ADBE Vector Shape - Group","hd":false},{"ind":1,"ty":"sh","ix":2,"ks":{"a":0,"k":{"i":[[0,0],[0,0]],"o":[[0,0],[0,0]],"v":[[-58.001,-22.499],[-86.624,-29.186]],"c":false},"ix":2},"nm":"Path 2","mn":"ADBE Vector Shape - Group","hd":false},{"ind":2,"ty":"sh","ix":3,"ks":{"a":0,"k":{"i":[[0,0],[0,0]],"o":[[0,0],[0,0]],"v":[[8.574,112.922],[-20.313,163.625]],"c":false},"ix":2},"nm":"Path 3","mn":"ADBE Vector Shape - Group","hd":false},{"ind":3,"ty":"sh","ix":4,"ks":{"a":0,"k":{"i":[[0,0],[0,0]],"o":[[0,0],[0,0]],"v":[[8.574,112.922],[16.749,115.844]],"c":false},"ix":2},"nm":"Path 4","mn":"ADBE Vector Shape - Group","hd":false},{"ind":4,"ty":"sh","ix":5,"ks":{"a":0,"k":{"i":[[0,0],[0,0]],"o":[[0,0],[0,0]],"v":[[40.499,55.001],[8.574,112.922]],"c":false},"ix":2},"nm":"Path 5","mn":"ADBE Vector Shape - Group","hd":false},{"ind":5,"ty":"sh","ix":6,"ks":{"a":0,"k":{"i":[[0,0],[0,0]],"o":[[0,0],[0,0]],"v":[[48.187,57.188],[40.499,55.001]],"c":false},"ix":2},"nm":"Path 6","mn":"ADBE Vector Shape - Group","hd":false},{"ind":6,"ty":"sh","ix":7,"ks":{"a":0,"k":{"i":[[0,0],[0,0]],"o":[[0,0],[0,0]],"v":[[-83.501,21.501],[-58.001,-22.499]],"c":false},"ix":2},"nm":"Path 7","mn":"ADBE Vector Shape - Group","hd":false},{"ind":7,"ty":"sh","ix":8,"ks":{"a":0,"k":{"i":[[0,0],[0,0]],"o":[[0,0],[0,0]],"v":[[-18.001,39.501],[40.499,55.001]],"c":false},"ix":2},"nm":"Path 8","mn":"ADBE Vector Shape - Group","hd":false},{"ind":8,"ty":"sh","ix":9,"ks":{"a":0,"k":{"i":[[0,0],[0,0]],"o":[[0,0],[0,0]],"v":[[-18.001,39.501],[-83.501,21.501]],"c":false},"ix":2},"nm":"Path 9","mn":"ADBE Vector Shape - Group","hd":false},{"ind":9,"ty":"sh","ix":10,"ks":{"a":0,"k":{"i":[[0,0],[0,0]],"o":[[0,0],[0,0]],"v":[[-32.816,-67.729],[-58.001,-22.499]],"c":false},"ix":2},"nm":"Path 10","mn":"ADBE Vector Shape - Group","hd":false},{"ind":10,"ty":"sh","ix":11,"ks":{"a":0,"k":{"i":[[0,0],[0,0],[6.542,1.486],[0,0]],"o":[[0,0],[3.317,-5.831],[0,0],[0,0]],"v":[[-32.816,-67.729],[1.911,-128.786],[-4.567,-143.482],[-18.938,-146.068]],"c":false},"ix":2},"nm":"Path 11","mn":"ADBE Vector Shape - Group","hd":false},{"ind":11,"ty":"sh","ix":12,"ks":{"a":0,"k":{"i":[[0,0],[0,0]],"o":[[0,0],[0,0]],"v":[[-104.001,58.501],[-143.187,128.564]],"c":false},"ix":2},"nm":"Path 12","mn":"ADBE Vector Shape - Group","hd":false},{"ind":12,"ty":"sh","ix":13,"ks":{"a":0,"k":{"i":[[0,0],[0,0]],"o":[[0,0],[0,0]],"v":[[-104.001,58.501],[-133.078,50.877]],"c":false},"ix":2},"nm":"Path 13","mn":"ADBE Vector Shape - Group","hd":false},{"ind":13,"ty":"sh","ix":14,"ks":{"a":0,"k":{"i":[[0,0],[0,0]],"o":[[0,0],[0,0]],"v":[[-104.001,58.501],[-83.501,21.501]],"c":false},"ix":2},"nm":"Path 14","mn":"ADBE Vector Shape - Group","hd":false},{"ind":14,"ty":"sh","ix":15,"ks":{"a":0,"k":{"i":[[0,0],[0,0]],"o":[[0,0],[0,0]],"v":[[-38.501,77.001],[-78.876,147.469]],"c":false},"ix":2},"nm":"Path 15","mn":"ADBE Vector Shape - Group","hd":false},{"ind":15,"ty":"sh","ix":16,"ks":{"a":0,"k":{"i":[[0,0],[0,0]],"o":[[0,0],[0,0]],"v":[[-38.501,77.001],[-18.001,39.501]],"c":false},"ix":2},"nm":"Path 16","mn":"ADBE Vector Shape - Group","hd":false},{"ind":16,"ty":"sh","ix":17,"ks":{"a":0,"k":{"i":[[0,0],[0,0]],"o":[[0,0],[0,0]],"v":[[-38.501,77.001],[-104.001,58.501]],"c":false},"ix":2},"nm":"Path 17","mn":"ADBE Vector Shape - Group","hd":false},{"ind":17,"ty":"sh","ix":18,"ks":{"a":0,"k":{"i":[[0,0],[0,0]],"o":[[0,0],[0,0]],"v":[[100.5,-78.952],[118.046,-74.313]],"c":false},"ix":2},"nm":"Path 18","mn":"ADBE Vector Shape - Group","hd":false},{"ind":18,"ty":"sh","ix":19,"ks":{"a":0,"k":{"i":[[0,0],[0,0]],"o":[[0,0],[0,0]],"v":[[1.999,3.001],[68.031,19.438]],"c":false},"ix":2},"nm":"Path 19","mn":"ADBE Vector Shape - Group","hd":false},{"ind":19,"ty":"sh","ix":20,"ks":{"a":0,"k":{"i":[[0,0],[0,0]],"o":[[0,0],[0,0]],"v":[[1.999,3.001],[-18.001,39.501]],"c":false},"ix":2},"nm":"Path 20","mn":"ADBE Vector Shape - Group","hd":false},{"ind":20,"ty":"sh","ix":21,"ks":{"a":0,"k":{"i":[[0,0],[0,0]],"o":[[0,0],[0,0]],"v":[[121,-116.998],[100.5,-78.952]],"c":false},"ix":2},"nm":"Path 21","mn":"ADBE Vector Shape - Group","hd":false},{"ind":21,"ty":"sh","ix":22,"ks":{"a":0,"k":{"i":[[0,0],[0,0]],"o":[[0,0],[0,0]],"v":[[121,-116.998],[139.312,-113.156]],"c":false},"ix":2},"nm":"Path 22","mn":"ADBE Vector Shape - Group","hd":false},{"ind":22,"ty":"sh","ix":23,"ks":{"a":0,"k":{"i":[[0,0],[0,0]],"o":[[0,0],[0,0]],"v":[[32.883,-51.306],[-32.816,-67.729]],"c":false},"ix":2},"nm":"Path 23","mn":"ADBE Vector Shape - Group","hd":false},{"ind":23,"ty":"sh","ix":24,"ks":{"a":0,"k":{"i":[[0,0],[0,0]],"o":[[0,0],[0,0]],"v":[[32.883,-51.306],[1.999,3.001]],"c":false},"ix":2},"nm":"Path 24","mn":"ADBE Vector Shape - Group","hd":false},{"ind":24,"ty":"sh","ix":25,"ks":{"a":0,"k":{"i":[[0,0],[0,0],[-4.197,7.431],[0,0]],"o":[[0,0],[8.283,2.053],[0,0],[0,0]],"v":[[32.883,-51.306],[64.485,-43.472],[85.602,-52.571],[100.5,-78.952]],"c":false},"ix":2},"nm":"Path 25","mn":"ADBE Vector Shape - Group","hd":false},{"ind":25,"ty":"sh","ix":26,"ks":{"a":0,"k":{"i":[[0,0],[0,0]],"o":[[0,0],[0,0]],"v":[[74.5,-126.927],[86.789,-149.255]],"c":false},"ix":2},"nm":"Path 26","mn":"ADBE Vector Shape - Group","hd":false},{"ind":26,"ty":"sh","ix":27,"ks":{"a":0,"k":{"i":[[0,0],[0,0]],"o":[[0,0],[0,0]],"v":[[74.5,-126.927],[121,-116.998]],"c":false},"ix":2},"nm":"Path 27","mn":"ADBE Vector Shape - Group","hd":false},{"ind":27,"ty":"sh","ix":28,"ks":{"a":0,"k":{"i":[[0,0],[0,0]],"o":[[0,0],[0,0]],"v":[[74.5,-126.927],[32.883,-51.306]],"c":false},"ix":2},"nm":"Path 28","mn":"ADBE Vector Shape - Group","hd":false},{"ind":28,"ty":"sh","ix":29,"ks":{"a":0,"k":{"i":[[0,0],[0,0]],"o":[[0,0],[0,0]],"v":[[95.875,-164.625],[86.789,-149.255]],"c":false},"ix":2},"nm":"Path 29","mn":"ADBE Vector Shape - Group","hd":false},{"ty":"mm","mm":1,"nm":"Merge Paths 1","mn":"ADBE Vector Filter - Merge","hd":false},{"ty":"st","c":{"a":0,"k":[0.720228254795,0.720228254795,0.720228254795,1],"ix":3},"o":{"a":0,"k":100,"ix":4},"w":{"a":0,"k":0.5,"ix":5},"lc":1,"lj":2,"bm":0,"d":[{"n":"d","nm":"dash","v":{"a":0,"k":4,"ix":1}},{"n":"g","nm":"gap","v":{"a":0,"k":4,"ix":2}},{"n":"o","nm":"offset","v":{"a":0,"k":0,"ix":7}}],"nm":"Stroke 2","mn":"ADBE Vector Graphic - Stroke","hd":false},{"ty":"st","c":{"a":0,"k":[1,1,1,1],"ix":3},"o":{"a":0,"k":15,"ix":4},"w":{"a":0,"k":4,"ix":5},"lc":1,"lj":2,"bm":0,"nm":"Stroke 1","mn":"ADBE Vector Graphic - Stroke","hd":false},{"ty":"tr","p":{"a":0,"k":[184.737,191.677],"ix":2},"a":{"a":0,"k":[0,0],"ix":1},"s":{"a":0,"k":[100,100],"ix":3},"r":{"a":0,"k":0,"ix":6},"o":{"a":0,"k":100,"ix":7},"sk":{"a":0,"k":0,"ix":4},"sa":{"a":0,"k":0,"ix":5},"nm":"Transform"}],"nm":"Group 7","np":32,"cix":2,"bm":0,"ix":5,"mn":"ADBE Vector Group","hd":false}],"ip":0,"op":121,"st":0,"bm":0},{"ddd":0,"ind":6,"ty":4,"nm":"Shape Layer 2","sr":1,"ks":{"o":{"a":0,"k":100,"ix":11},"r":{"a":0,"k":0,"ix":10},"p":{"a":0,"k":[243,235,0],"ix":2},"a":{"a":0,"k":[0,0,0],"ix":1},"s":{"a":0,"k":[100,100,100],"ix":6}},"ao":0,"shapes":[{"ty":"gr","it":[{"ind":0,"ty":"sh","ix":1,"ks":{"a":0,"k":{"i":[[0,0],[11.022,-19.005],[0,0],[0,0],[-20.668,-6.163],[0,0],[-10.758,23.201],[0,0],[23.263,4.431]],"o":[[0,0],[-15.401,26.557],[0,0],[0,0],[24.554,7.321],[0,0],[14.067,-30.338],[0,0],[-26.25,-5]],"v":[[-36.446,-193.63],[-64.283,-177.326],[-224.353,99.065],[-235.761,118.386],[-227.973,139.723],[-85.424,181.812],[-56.022,164.706],[108.13,-143.799],[97.027,-166.489]],"c":true},"ix":2},"nm":"Path 1","mn":"ADBE Vector Shape - Group","hd":false},{"ty":"gr","it":[{"ty":"fl","c":{"a":0,"k":[0.137254901961,0.227450980392,0.313725490196,1],"ix":4},"o":{"a":0,"k":100,"ix":5},"r":1,"bm":0,"nm":"Fill 1","mn":"ADBE Vector Graphic - Fill","hd":false},{"ty":"tr","p":{"a":0,"k":[0,0],"ix":2},"a":{"a":0,"k":[0,0],"ix":1},"s":{"a":0,"k":[100,100],"ix":3},"r":{"a":0,"k":0,"ix":6},"o":{"a":0,"k":100,"ix":7},"sk":{"a":0,"k":0,"ix":4},"sa":{"a":0,"k":0,"ix":5},"nm":"Transform"}],"nm":"Shape 1","np":2,"cix":2,"bm":0,"ix":4,"mn":"ADBE Vector Group","hd":false},{"ty":"gf","o":{"a":0,"k":100,"ix":10},"r":1,"bm":0,"g":{"p":3,"k":{"a":0,"k":[0,0.275,0.376,0.459,0.5,0.231,0.331,0.414,1,0.188,0.286,0.369],"ix":9}},"s":{"a":0,"k":[-87.185,-39.616],"ix":5},"e":{"a":0,"k":[108.533,37.522],"ix":6},"t":1,"nm":"Gradient Fill 1","mn":"ADBE Vector Graphic - G-Fill","hd":false},{"ty":"tr","p":{"a":0,"k":[0,0],"ix":2},"a":{"a":0,"k":[0,0],"ix":1},"s":{"a":0,"k":[92,92],"ix":3},"r":{"a":0,"k":0,"ix":6},"o":{"a":0,"k":100,"ix":7},"sk":{"a":0,"k":0,"ix":4},"sa":{"a":0,"k":0,"ix":5},"nm":"Transform"}],"nm":"Shape 1","np":5,"cix":2,"bm":0,"ix":1,"mn":"ADBE Vector Group","hd":false},{"ty":"gr","it":[{"ind":0,"ty":"sh","ix":1,"ks":{"a":0,"k":{"i":[[0,0],[12.884,-22.028],[0,0],[0,0],[-20.208,-6.186],[0,0],[-15.75,29.5],[0,0],[23.263,4.431]],"o":[[0,0],[-15.5,26.5],[0,0],[0,0],[24.5,7.5],[0,0],[15.75,-29.5],[0,0],[-26.25,-5]],"v":[[-34,-185.75],[-67,-167],[-221.5,98.25],[-232.5,118.25],[-220.5,144.75],[-83.25,186.5],[-37,165.25],[119,-132.25],[104.5,-157.25]],"c":true},"ix":2},"nm":"Path 1","mn":"ADBE Vector Shape - Group","hd":false},{"ty":"fl","c":{"a":0,"k":[0.137254901961,0.227450980392,0.313725490196,1],"ix":4},"o":{"a":0,"k":100,"ix":5},"r":1,"bm":0,"nm":"Fill 1","mn":"ADBE Vector Graphic - Fill","hd":false},{"ty":"gr","it":[{"ind":0,"ty":"sh","ix":1,"ks":{"a":0,"k":{"i":[[0,0],[12.884,-22.028],[0,0],[0,0],[-20.208,-6.186],[0,0],[-15.75,29.5],[0,0],[23.263,4.431]],"o":[[0,0],[-15.5,26.5],[0,0],[0,0],[24.5,7.5],[0,0],[15.75,-29.5],[0,0],[-26.25,-5]],"v":[[-34,-185.75],[-67,-167],[-221.5,98.25],[-232.5,118.25],[-220.5,144.75],[-83.25,186.5],[-37,165.25],[119,-132.25],[104.5,-157.25]],"c":true},"ix":2},"nm":"Path 1","mn":"ADBE Vector Shape - Group","hd":false},{"ty":"fl","c":{"a":0,"k":[0.137254901961,0.227450980392,0.313725490196,1],"ix":4},"o":{"a":0,"k":100,"ix":5},"r":1,"bm":0,"nm":"Fill 1","mn":"ADBE Vector Graphic - Fill","hd":false},{"ty":"tr","p":{"a":0,"k":[0,0],"ix":2},"a":{"a":0,"k":[0,0],"ix":1},"s":{"a":0,"k":[100,100],"ix":3},"r":{"a":0,"k":0,"ix":6},"o":{"a":0,"k":100,"ix":7},"sk":{"a":0,"k":0,"ix":4},"sa":{"a":0,"k":0,"ix":5},"nm":"Transform"}],"nm":"Shape 1","np":3,"cix":2,"bm":0,"ix":4,"mn":"ADBE Vector Group","hd":false},{"ty":"tr","p":{"a":0,"k":[0,0],"ix":2},"a":{"a":0,"k":[0,0],"ix":1},"s":{"a":0,"k":[100,100],"ix":3},"r":{"a":0,"k":0,"ix":6},"o":{"a":0,"k":100,"ix":7},"sk":{"a":0,"k":0,"ix":4},"sa":{"a":0,"k":0,"ix":5},"nm":"Transform"}],"nm":"Shape 2","np":4,"cix":2,"bm":0,"ix":2,"mn":"ADBE Vector Group","hd":false}],"ip":0,"op":121,"st":0,"bm":0}],"markers":[]}